X1,X2,X3,X4,X5,X6,label
0.06289050639960088,-0.13292890254416334,-0.6303115421565471,0.30788457514720124,1.0487872885080631,0.6601313175034481,46.2
-1.7123338066129372,-0.18565892393025424,-0.6303115421565471,0.30788457514720124,1.0487872885080631,0.6601313175034481,46.1
-0.5288510496193575,-0.009892185976617661,-0.19527640630408724,-1.3916382796653497,-0.45905453349823927,0.9334759157317372,23.0
1.2463732633931806,-0.4053673463722998,0.048033524543963445,-0.03201999581530892,1.8337686115746936,0.07821393893526961,36.7
-0.8247216501066682,-1.380872742014982,0.29503166543839265,-1.0517337087028396,-1.4384659684448224,1.020241623523355,25.6
-0.2329804491320468,-1.336931057526573,-0.7358821024340221,-0.03201999581530892,-0.1670059837034708,0.4278862650700175,36.9
-1.7123338066129372,1.37866504385711,-0.7115089622303465,0.6477891461097115,-0.2412282670767522,0.5707561147407724,42.2
1.2463732633931806,-0.09777555495343587,-0.6303115421565471,0.30788457514720124,1.0487872885080631,0.6601313175034481,59.6
0.06289050639960088,1.08864992623361,-0.290017862126459,-0.3719245667778191,0.48889310741002556,0.20086020257962986,55.3
0.06289050639960088,0.28012293164688223,0.8735966608409595,-0.3719245667778191,-0.468735700894667,-1.3694033963136083,25.7
0.9505026629058699,1.5456434449130645,-0.3726416841283752,0.9876937170722216,0.8148257430924344,0.21521242492091228,33.1
-1.4164632061256266,-0.42294402016766336,-0.6610066708624934,0.9876937170722216,-0.23961473917739537,0.6268602566208366,39.3
-1.1205926056383158,-0.6514407795073907,1.583396027953777,-1.3916382796653497,-1.1641662255438394,2.14689107732005,24.7
-0.5288510496193575,-0.1241405656464814,1.9401147091305475,-1.3916382796653497,-2.981805404238122,-1.1345488489100468,29.3
-0.8247216501066682,1.229263316596519,0.05994704668202957,-1.3916382796653497,-1.5675482003982433,-0.20752576040624016,13.8
-0.8247216501066682,0.15708621507933682,-0.6166116263240669,1.667502858997242,0.91244418100725,0.4011389416164415,42.2
0.9505026629058699,-0.8975142126424818,-0.35242851929372476,0.30788457514720124,0.28639535603300187,0.9641374816432908,40.8
-0.2329804491320468,-0.8447841912563909,-0.7766838928855805,0.30788457514720124,-0.18475479059696942,0.476814295779904,51.6
1.2463732633931806,-1.2051060040613455,0.8436486459417538,-0.3719245667778191,-0.48729127173784403,-1.338741830402982,33.4
0.6546317073742223,0.693174765837928,2.7255647038352238,-1.3916382796653497,-1.675654569659165,-2.4458200719162786,15.6
0.6546317073742223,-1.2138943409590273,-0.8204326895341566,1.327598288034732,-0.8608229804532863,0.27392606177203443,56.8
-1.4164632061256266,-0.0011038490789360264,-0.5815034650136418,-1.0517337087028396,0.5171298456496304,-0.14163601238494034,37.4
0.9505026629058699,0.9568248727683827,-0.7034450832026551,0.6477891461097115,0.5873183092745196,0.7175402068685778,42.5
-1.4164632061256266,-0.8711492019494362,-0.7766838928855805,0.30788457514720124,-0.18475479059696942,0.476814295779904,47.0
1.2463732633931806,-0.9853975816193,-0.7880707069294404,1.667502858997242,0.4275790472318856,0.6353411152770068,63.9
0.9505026629058699,-0.045045533567345135,-0.5499967286036432,0.30788457514720124,0.8341880778852898,0.5929368219961558,40.1
0.3587611068869116,-0.8535725281540727,0.8985723787125052,-0.03201999581530892,-0.7228663450528297,-1.28850905220803,23.9
-0.8247216501066682,1.8092935518435191,-0.3499862393225926,-0.3719245667778191,0.52923130489538,0.2458739908324659,31.5
0.9505026629058699,-0.48446237845143625,0.21914701939995435,-1.0517337087028396,-1.370697796669255,0.9824039464406966,30.1
-1.4164632061256266,-0.37021399878157246,2.469857110313692,-1.3916382796653497,-2.4348194463355126,-1.9265305726562727,18.6
-0.5288510496193575,0.12193286748860967,-0.49404394929423834,0.30788457514720124,-1.1924029637837308,0.42658151758495205,34.0
-0.8247216501066682,-0.9590325709262545,-0.5587314869542913,2.0074074299597524,1.1617342414670555,0.27784030422908496,54.4
-0.2329804491320468,-0.9326675602332091,-0.5018639731677653,0.30788457514720124,0.5324583606940937,0.8858526325087703,57.1
0.3587611068869116,-1.4599677740941182,-0.7062606820922969,0.6477891461097115,-0.26785147741700016,0.4911665181211864,49.0
0.3587611068869116,-1.0820692874938,-0.5499967286036432,0.30788457514720124,0.8341880778852898,0.5929368219961558,49.5
-0.5288510496193575,1.387453380754792,-0.4129832911871855,1.327598288034732,1.064922567502205,0.17019863666900334,46.6
-0.5288510496193575,-0.3614256618838907,2.469857110313692,-1.3916382796653497,-2.4348194463355126,-1.9265305726562727,13.0
-1.7123338066129372,-1.5566394799686185,-0.7127298245669084,-1.3916382796653497,0.1669942914760089,-0.10836495150232876,37.9
-0.2329804491320468,-0.045045533567345135,-0.7094864875538917,1.327598288034732,0.6486323694523729,0.6340363677919413,47.1
0.3587611068869116,0.00768448781874592,0.5547381979063881,-0.3719245667778191,-0.1387692454635794,-1.206962334359455,23.7
0.06289050639960088,-0.5020390522467998,0.21914701939995435,-1.0517337087028396,-1.370697796669255,0.9824039464406966,25.3
-0.2329804491320468,-0.018680522874299606,-0.5459459882857842,0.30788457514720124,-0.9915187403060639,0.04168100933953087,24.5
-1.4164632061256266,-1.5566394799686185,-0.6945153359226199,0.6477891461097115,-1.0366975214897756,0.33133495113716405,45.7
-1.4164632061256266,1.7829285411504738,-0.4935019784376178,-1.3916382796653497,0.26299920149146766,0.07103782776509195,35.7
-0.5288510496193575,0.44710133270283703,-0.2982576912946633,-0.7118291377403293,0.9656906016880324,0.8982477336210639,36.6
1.5422438638804914,1.132591610722019,-0.5178346612149355,2.0074074299597524,0.9842461725312095,0.2654452031158642,48.5
0.6546317073742223,-0.31748397739548156,-0.6303115421565471,0.30788457514720124,1.0487872885080631,0.6601313175034481,53.3
-0.2329804491320468,-0.0011038490789360264,-0.19527640630408724,-1.3916382796653497,-0.45905453349823927,0.9334759157317372,28.8
0.06289050639960088,-0.38779067257693606,-0.4693492915434489,0.30788457514720124,-0.3130302586007117,0.26153096065881376,31.3
-1.7123338066129372,-1.2842010361404819,-0.4013409924622906,0.6477891461097115,0.24040981089961186,0.9041190973061761,47.7
0.6546317073742223,-0.9326675602332091,-0.5587314869542913,2.0074074299597524,1.1617342414670555,0.27784030422908496,49.8
1.5422438638804914,-1.2051060040613455,0.8436486459417538,-0.3719245667778191,-0.48729127173784403,-1.338741830402982,28.4
0.3587611068869116,-1.231471014754391,-0.4013409924622906,0.6477891461097115,0.24040981089961186,0.9041190973061761,41.6
1.5422438638804914,1.5983734662991556,-0.3708480715598463,-0.3719245667778191,0.6615405926475144,0.28110217294313916,36.8
-0.8247216501066682,-1.2490476885497546,-0.8204326895341566,1.327598288034732,-0.8608229804532863,0.27392606177203443,57.8
-1.1205926056383158,-0.23838894531634516,0.590546193364516,-0.7118291377403293,-0.3541752200360312,-1.177605515933894,20.9
0.6546317073742223,-0.48446237845143625,0.21914701939995435,-1.0517337087028396,-1.370697796669255,0.9824039464406966,26.6
1.2463732633931806,-1.1963176671636637,-0.6116126749919828,0.30788457514720124,-1.0584801481319528,0.40440081032956865,51.7
0.6546317073742223,-1.5566394799686185,-0.627397814175916,0.6477891461097115,0.6784826355916213,0.7318924292098602,69.7
-1.1205926056383158,1.229263316596519,0.060881533902607754,-1.3916382796653497,-1.5610940888005291,-0.21339712409135236,13.7
-1.1205926056383158,-0.13292890254416334,2.372590317803724,-1.3916382796653497,-2.152452063937172,-1.943492289968613,14.7
0.9505026629058699,-1.3281427206288912,0.37313195053207243,-0.3719245667778191,0.09922611970044151,-1.1051920304844858,31.1
0.6546317073742223,-1.1084342981868456,0.37755608909672783,-0.3719245667778191,0.2500909782960396,-1.1149776366257214,28.9
-0.8247216501066682,-0.3526373249862089,0.12111708876927677,-1.0517337087028396,0.6381444381059802,1.3405571312325417,30.6
0.6546317073742223,-0.009892185976617661,0.5725751632329572,-0.7118291377403293,1.4271595809212894,-0.8122762199718713,31.1
-0.2329804491320468,2.0729436587739736,-0.760674571962653,0.6477891461097115,-0.18475479059696942,0.4585478309815711,60.7
0.3587611068869116,1.1062266000289736,0.14346069407895642,-1.3916382796653497,-1.629669024525775,-0.24927767994502192,19.1
0.9505026629058699,1.3962417176524737,-0.5653220810362631,1.327598288034732,0.2831683002340015,0.471595305836861,41.9
-1.7123338066129372,-0.2735422929070725,-0.5907234744957224,-1.0517337087028396,0.49696074690709646,-0.12076005261554945,26.5
0.9505026629058699,-1.5566394799686185,-0.7127298245669084,-1.3916382796653497,0.1669942914760089,-0.10836495150232876,45.5
-1.4164632061256266,1.4665484128339281,-0.453042727529222,0.6477891461097115,1.4884736410994293,0.6294697515918946,34.1
1.2463732633931806,1.2819933379826098,-0.7726100680362115,2.0074074299597524,1.0318452455639564,0.4892093968921976,48.0
0.9505026629058699,-0.396579009474618,-0.7248676077722558,-1.0517337087028396,0.37755968235010345,-0.2297064676616236,29.3
-0.2329804491320468,-1.4599677740941182,-0.7062606820922969,0.6477891461097115,-0.26785147741700016,0.4911665181211864,54.4
1.5422438638804914,-0.9766092447216183,-0.7880707069294404,1.667502858997242,0.4275790472318856,0.6353411152770068,58.1
1.5422438638804914,1.1413799476197009,0.14346069407895642,-1.3916382796653497,-1.629669024525775,-0.24927767994502192,18.3
1.2463732633931806,1.484125086629292,1.5875845615061137,-1.3916382796653497,2.337189316193235,-1.1652104148206734,41.2
-1.1205926056383158,1.5104900973223372,-0.41000887706701783,-0.03201999581530892,0.08067054885726446,0.8114820258303732,28.5
-1.7123338066129372,-0.4493090308607089,-0.5557780948301722,0.9876937170722216,-0.13554218966486573,0.7358066716669107,42.5
1.2463732633931806,0.46467800649820057,2.2720091894638967,-1.3916382796653497,-1.7103454194967704,-2.017862896646083,25.3
1.5422438638804914,1.5544317818107463,-0.6071441919149079,1.667502858997242,0.13553049743740378,0.47811904326496946,78.0
0.3587611068869116,1.044708241745201,-0.4350035543991507,1.327598288034732,0.9592364900903184,0.2067315662647421,37.5
1.5422438638804914,1.5983734662991556,-0.35154059777760166,-0.3719245667778191,0.5324583606940937,0.24717873831753134,61.5
-0.8247216501066682,1.079861589335928,-0.055961893267314634,0.30788457514720124,1.696618740124202,0.08082343390632758,22.8
-1.4164632061256266,-1.2754126992428,-0.4712128716610906,1.327598288034732,0.09196524415304905,0.755377883950309,43.2
1.5422438638804914,1.2644166641872465,0.28137212770398323,-0.3719245667778191,0.416284351936101,-1.0347356662631393,27.0
0.06289050639960088,1.9411186053087464,-0.3698064911518505,-0.7118291377403293,0.5437530559901649,0.0906090400484903,39.6
1.2463732633931806,-1.0644926136984365,1.051184930479937,-1.3916382796653497,-1.1278618478068771,1.7143672858507348,24.7
0.3587611068869116,-0.06262220736270871,0.31827406023951116,-0.03201999581530892,0.13714402533676062,-1.0673543534027545,30.7
-0.8247216501066682,-0.6865941270981181,-0.6383651085069315,0.9876937170722216,0.5042216224544889,0.7860394498618626,57.4
-0.8247216501066682,1.2116866428011555,-0.6550134187814514,1.667502858997242,-0.029049348303300786,0.64904096387622,36.3
-1.4164632061256266,-0.3086956404977998,0.5693060445266735,-1.0517337087028396,-1.411842758104288,1.251181928469866,24.8
-1.4164632061256266,-0.4580973677583907,0.048033524543963445,-0.03201999581530892,1.8337686115746936,0.07821393893526961,34.1
-1.1205926056383158,-1.2051060040613455,0.8697230605879178,-0.3719245667778191,-0.4671221729953101,-1.3667939013425505,28.6
0.06289050639960088,-0.4141556832699816,-0.27846837749732606,-1.3916382796653497,0.6171685754137679,-0.5337126318005392,39.0
-0.2329804491320468,1.194109969005792,0.5350854080909366,-1.0517337087028396,-1.2109585346269078,1.269448393268199,20.7
1.2463732633931806,-0.3614256618838907,-0.4693492915434489,0.30788457514720124,-0.3130302586007117,0.26153096065881376,48.0
1.2463732633931806,-1.1963176671636637,-0.815027894685903,0.9876937170722216,-0.9350452638265677,0.24456924334647334,62.1
-1.7123338066129372,1.3171466855733376,-0.5485073400156676,0.6477891461097115,-0.40742164071681364,0.59619869071021,30.5
0.06289050639960088,1.888388583922656,-0.5229102436722384,0.9876937170722216,0.42435199143317187,0.378958234361058,30.0
-1.7123338066129372,1.47533674973161,-0.3652374198068898,0.9876937170722216,0.8309610220865762,0.19955545509456443,40.3
-0.5288510496193575,-0.396579009474618,-0.4693492915434489,0.30788457514720124,-0.3130302586007117,0.26153096065881376,42.3
-1.7123338066129372,-1.424814426503391,-0.8412787433751306,0.9876937170722216,-0.10569192352561746,0.4996473767773566,47.7
0.9505026629058699,-0.6865941270981181,0.8079913742288803,-0.3719245667778191,-0.6930160789138681,-1.2226193041867301,23.1
1.2463732633931806,-1.2051060040613455,0.8436486459417538,-0.3719245667778191,-0.48729127173784403,-1.338741830402982,30.7
0.6546317073742223,-0.5020390522467998,0.21914701939995435,-1.0517337087028396,-1.370697796669255,0.9824039464406966,28.9
-1.1205926056383158,-0.33506065119084516,2.7684725809777104,-1.3916382796653497,-1.642577247721203,-2.4980099713392923,19.2
1.5422438638804914,1.369876706959428,-0.7038548931331735,0.9876937170722216,0.6437917857540157,0.5792369733978696,39.4
-0.2329804491320468,-0.6690174533027544,-0.6383651085069315,0.9876937170722216,0.5042216224544889,0.7860394498618626,47.9
-0.2329804491320468,-0.22960060841866337,-0.5557780948301722,0.9876937170722216,-0.13554218966486573,0.7358066716669107,43.7
1.2463732633931806,-0.37021399878157246,0.8436486459417538,-0.3719245667778191,-0.48729127173784403,-1.338741830402982,23.6
-1.1205926056383158,0.0252611616141095,-0.5636211239069222,1.327598288034732,1.4174784135248617,0.48659990192113967,39.5
1.2463732633931806,-0.3614256618838907,-0.4693492915434489,0.30788457514720124,-0.3130302586007117,0.26153096065881376,40.1
0.9505026629058699,0.3064879423399277,0.8735966608409595,-0.3719245667778191,-0.468735700894667,-1.3694033963136083,27.7
0.9505026629058699,-1.1787409933683,-0.5170992086663803,0.9876937170722216,0.9253524042023914,0.28827828411331685,45.2
0.06289050639960088,0.3152762792376097,-0.433202722956507,-0.03201999581530892,0.4211249356344582,0.3117637388537657,42.2
-1.1205926056383158,-0.4580973677583907,-0.4140152728724572,0.30788457514720124,1.4868601131997858,0.6881833884430166,42.0
0.6546317073742223,-0.6074990950189816,-0.6594588173270163,-1.0517337087028396,0.44936167387406295,-0.18925929560790725,117.5
-0.5288510496193575,-1.4687561109918001,-0.7062606820922969,0.6477891461097115,-0.26785147741700016,0.4911665181211864,50.7
0.3587611068869116,-0.10656389185111782,-0.6030779825810885,0.6477891461097115,0.7567387387132948,0.6164222767366047,49.3
0.9505026629058699,-0.11535222874879977,-0.5505889142659196,0.6477891461097115,-0.39612694542074245,0.6112032867944887,40.6
0.9505026629058699,-0.9941859185169818,-0.7880707069294404,1.667502858997242,0.4275790472318856,0.6353411152770068,59.5
0.9505026629058699,-0.8184191805633454,0.697091222319205,-1.0517337087028396,-1.1577121139461253,1.399270768083664,23.5
-1.4164632061256266,-0.15050557633952694,2.3661258556980447,-1.3916382796653497,-2.10243269905539,-1.9532778961098487,11.6
-1.1205926056383158,-1.1172226350845273,-0.5499967286036432,0.30788457514720124,0.8341880778852898,0.5929368219961558,43.1
0.9505026629058699,-1.5566394799686185,-0.5909305213247299,1.667502858997242,-0.04034404359908537,0.702535610784299,44.9
-1.1205926056383158,-0.4405206939630271,-0.7111014528201505,-1.0517337087028396,0.39127466949520995,-0.23166358888968527,28.5
-0.2329804491320468,-0.4317323570653452,0.29021167872172665,-0.3719245667778191,0.31140503847389295,-1.0490878886044217,21.4
-0.8247216501066682,-0.1241405656464814,2.3661258556980447,-1.3916382796653497,-2.10243269905539,-1.9532778961098487,20.5
1.5422438638804914,-0.027468859771981553,4.2870079681541595,-1.0517337087028396,-0.9552143625691016,-3.9032230133073194,11.2
-1.7123338066129372,0.2186045733631095,0.8735966608409595,-0.3719245667778191,-0.468735700894667,-1.3694033963136083,22.8
0.3587611068869116,-0.03625719666966319,-0.5075045316849117,-1.0517337087028396,0.48243899581231153,-0.3954093983298311,43.9
0.3587611068869116,1.7653518673551098,-0.39105393819209483,-1.0517337087028396,0.2016851413136143,0.14540843444256196,39.7
0.9505026629058699,-1.1611643195729364,0.9455862879888726,-0.3719245667778191,-0.475189812492381,-1.4255075381936726,29.3
-1.4164632061256266,1.044708241745201,-0.24947341263785083,0.9876937170722216,1.1117148765852733,0.04689999928164682,25.0
0.3587611068869116,-0.6426524426097089,-0.6405256937310118,0.30788457514720124,-1.056866620232596,0.3763487393900001,33.6
1.2463732633931806,-0.22081227152098157,2.1323517402425263,-1.3916382796653497,-2.8559502280834153,-1.4209409219945528,29.3
-0.5288510496193575,-0.10656389185111782,2.3783646238127125,-1.3916382796653497,-2.2169931799140254,-1.927835320141338,12.8
-1.1205926056383158,-0.17687058703257247,-0.21256354727362525,-0.03201999581530892,0.793043116450257,0.08343292887738556,38.1
-0.2329804491320468,0.8689415037915645,-0.45119826552874137,0.30788457514720124,-0.48729127173784403,0.6418648527051152,37.4
-1.1205926056383158,-1.5566394799686185,-0.7127298245669084,-1.3916382796653497,0.1669942914760089,-0.10836495150232876,55.3
-0.2329804491320468,1.431395065243201,-0.7348024444482777,0.9876937170722216,-0.22186593228361012,0.5609705085995367,39.1
0.6546317073742223,1.47533674973161,-0.6020571068559935,0.6477891461097115,0.7349561120711173,0.5440087912871964,46.0
-0.2329804491320468,0.9392481989730188,-0.3700214708095556,-0.3719245667778191,0.680096163490978,-0.024208738682696032,34.6
0.9505026629058699,-0.3614256618838907,-0.4693492915434489,0.30788457514720124,-0.3130302586007117,0.26153096065881376,43.8
0.9505026629058699,-0.07141054426039066,-0.5677917292664021,1.327598288034732,-0.12344073041911607,0.7273258130107405,42.3
-0.8247216501066682,0.6668097551448825,1.2878997455336583,-0.3719245667778191,-0.6833349115171536,-1.6342671358866543,17.7
-0.2329804491320468,-1.5566394799686185,-0.6424570202057311,-1.0517337087028396,0.46549695286820475,-0.18077843695173706,52.2
0.06289050639960088,-1.4599677740941182,-0.7062606820922969,0.6477891461097115,-0.26785147741700016,0.4911665181211864,45.1
0.6546317073742223,0.35042962682833684,-0.022861372243679928,-1.3916382796653497,-0.5582864993124117,1.038508088320761,23.1
-0.8247216501066682,-1.038127603005391,-0.7880707069294404,1.667502858997242,0.4275790472318856,0.6353411152770068,56.3
0.3587611068869116,2.0377903111832465,-0.7627603506121148,1.327598288034732,-0.11860014672104552,0.5831512158539931,67.7
-1.1205926056383158,0.0252611616141095,4.1427351991965224,-1.0517337087028396,-0.9358520277762461,-3.796886093232303,15.0
-1.7123338066129372,-0.42294402016766336,-0.4693492915434489,0.30788457514720124,-0.3130302586007117,0.26153096065881376,42.5
0.3587611068869116,0.7986348086101098,-0.4768642188252658,0.30788457514720124,0.4275790472318856,0.3437300522503848,35.5
0.3587611068869116,0.39437131131674596,-0.5587314869542913,2.0074074299597524,1.1617342414670555,0.27784030422908496,44.0
-1.4164632061256266,-0.5547690736328907,-0.5499967286036432,0.30788457514720124,0.8341880778852898,0.5929368219961558,46.8
1.5422438638804914,1.2995700117779736,-0.5230443084772278,1.327598288034732,0.5518206954872358,0.3763487393900001,36.3
-1.7123338066129372,1.5104900973223372,-0.7174703243400242,1.327598288034732,0.35981087545660484,0.5929368219961558,39.7
-0.2329804491320468,1.5632201187084283,-0.35154059777760166,-0.3719245667778191,0.5324583606940937,0.24717873831753134,40.8
0.06289050639960088,-0.34384898808852693,2.3783646238127125,-1.3916382796653497,-2.2169931799140254,-1.927835320141338,20.0
0.6546317073742223,-1.0029742554146637,-0.7880707069294404,1.667502858997242,0.4275790472318856,0.6353411152770068,58.1
-0.2329804491320468,1.7565635304574285,-0.4708459783338263,-1.3916382796653497,0.2533180340947533,0.08799954507743232,37.0
0.9505026629058699,0.18345122577238235,-0.3516453111164101,0.30788457514720124,0.09196524415304905,0.8551910665972167,37.5
1.5422438638804914,-0.07141054426039066,2.3661258556980447,-1.3916382796653497,-2.10243269905539,-1.9532778961098487,18.3
-0.2329804491320468,2.081731995671656,-0.63675284040243,1.327598288034732,0.3565838196576045,0.4937760130922444,63.3
-1.7123338066129372,-0.4668857046560725,0.4987736780105107,-0.7118291377403293,-0.39612694542074245,-1.086925565686153,31.3
0.06289050639960088,1.3083583486756556,-0.46821830815603105,0.9876937170722216,0.052433810617373074,0.773644348748642,40.6
0.06289050639960088,0.8601531668938825,-0.5472607753141256,0.9876937170722216,0.324313261669321,0.42919101255601,41.0
0.9505026629058699,1.9674836160017923,-0.7616648269689753,1.327598288034732,0.5905453650732333,0.6477362163902274,44.3
-1.1205926056383158,1.4929134235269739,-0.4768642188252658,0.30788457514720124,0.4275790472318856,0.3437300522503848,41.1
-1.7123338066129372,-1.0557042768007547,-0.7880707069294404,1.667502858997242,0.4275790472318856,0.6353411152770068,53.5
-0.5288510496193575,-0.42294402016766336,-0.7111014528201505,-1.0517337087028396,0.39127466949520995,-0.23166358888968527,33.1
-1.1205926056383158,-1.2578360254474363,-0.815027894685903,0.9876937170722216,-0.9350452638265677,0.24456924334647334,54.4
-0.8247216501066682,2.0377903111832465,-0.7268746134327503,0.30788457514720124,-0.22025240438425328,0.4500669723254009,41.0
0.9505026629058699,0.35042962682833684,-0.49177460498871384,1.667502858997242,0.10245317549944183,0.7318924292098602,42.0
0.3587611068869116,1.484125086629292,-0.6435169254480184,0.30788457514720124,-1.081876302673487,0.349601415935497,26.9
-1.4164632061256266,-0.8711492019494362,-0.7766838928855805,0.30788457514720124,-0.18475479059696942,0.476814295779904,38.4
0.9505026629058699,-0.11535222874879977,-0.6303115421565471,0.30788457514720124,1.0487872885080631,0.6601313175034481,53.0
-0.8247216501066682,1.2468399903918825,0.04953520901642046,-1.3916382796653497,-1.5998187583865269,-0.16968808332450888,16.1
0.9505026629058699,-1.5566394799686185,-0.627397814175916,0.6477891461097115,0.6784826355916213,0.7318924292098602,63.3
0.9505026629058699,0.1307212043862913,-0.3708480715598463,-0.3719245667778191,0.6615405926475144,0.28110217294313916,39.6
-0.2329804491320468,-0.5108273891444816,0.21914701939995435,-1.0517337087028396,-1.370697796669255,0.9824039464406966,28.4
-1.4164632061256266,1.2028983059034735,0.28827924165098967,-0.3719245667778191,0.3081779826751792,-1.047783141118429,21.5
-1.7123338066129372,-1.0644926136984365,-0.7880707069294404,1.667502858997242,0.4275790472318856,0.6353411152770068,50.0
0.6546317073742223,-1.4072377527080275,-0.5980646728290618,0.30788457514720124,1.089932249943096,0.6907928834140746,50.4
-0.8247216501066682,-0.4405206939630271,-0.7248676077722558,-1.0517337087028396,0.37755968235010345,-0.2297064676616236,37.3
0.9505026629058699,0.0692028461025186,0.8661524943911252,-0.3719245667778191,-0.46228158929695295,-1.365489153857485,28.1
-0.8247216501066682,1.5017017604246552,-0.7090731078504594,1.327598288034732,0.6486323694523729,0.6366458627629993,44.3
0.9505026629058699,-0.027468859771981553,-0.0699122485017783,-1.3916382796653497,-0.4824506880397735,1.0300272296645907,25.5
0.9505026629058699,-1.5566394799686185,-0.627397814175916,0.6477891461097115,0.6784826355916213,0.7318924292098602,73.6
0.3587611068869116,-0.7569008222795727,0.2523673261369231,-1.3916382796653497,1.3440628941015453,-0.3758381860455056,42.3
0.9505026629058699,1.826870225638883,-0.6878181246229522,0.9876937170722216,0.9543959063919613,0.5387898013441533,41.0
-1.7123338066129372,0.46467800649820057,-0.7559122569106186,0.6477891461097115,-1.0003931437528133,0.27979742545714664,37.2
0.3587611068869116,0.35042962682833684,0.05878409399496047,-1.3916382796653497,-0.5953976409990525,1.0926551089727632,23.8
1.2463732633931806,-0.07141054426039066,2.3661258556980447,-1.3916382796653497,-2.10243269905539,-1.9532778961098487,20.7
1.2463732633931806,0.7195397765309733,2.7255647038352238,-1.3916382796653497,-1.675654569659165,-2.4458200719162786,22.1
0.6546317073742223,-0.33506065119084516,-0.6303115421565471,0.30788457514720124,1.0487872885080631,0.6601313175034481,44.5
-1.1205926056383158,-1.380872742014982,0.7881299510186817,-0.3719245667778191,-0.44049896265477556,-1.3093850119774209,33.4
0.6546317073742223,1.7126218459690195,-0.7118726824261319,1.667502858997242,0.6454053136533726,0.6059842968514456,78.3
1.2463732633931806,-0.06262220736270871,2.3783646238127125,-1.3916382796653497,-2.2169931799140254,-1.927835320141338,18.8
-0.8247216501066682,-0.8535725281540727,-0.7766838928855805,0.30788457514720124,-0.18475479059696942,0.476814295779904,51.8
0.9505026629058699,-0.26475395600939067,0.5023918411794892,-0.7118291377403293,-0.36789020718113763,-1.100625414284439,30.5
-1.4164632061256266,-0.18565892393025424,-0.26267086310062465,-0.7118291377403293,0.719627597026654,0.07495207022121537,37.5
1.2463732633931806,1.325935022471019,-0.560101724455229,1.667502858997242,0.20007161341397084,0.6614360649885136,38.6
-1.1205926056383158,-1.5566394799686185,-0.6424570202057311,-1.0517337087028396,0.46549695286820475,-0.18077843695173706,45.4
0.3587611068869116,-1.222682677856709,-0.5553164835282585,0.30788457514720124,0.9535891424422829,0.6881833884430166,60.7
0.3587611068869116,1.4665484128339281,-0.7592963223047308,1.327598288034732,-0.01775465300722958,0.4911665181211864,48.2
0.3587611068869116,-1.222682677856709,-0.5553164835282585,0.30788457514720124,0.9535891424422829,0.6881833884430166,55.0
-0.8247216501066682,-0.26475395600939067,0.6751815427392844,-0.7118291377403293,-0.41710280811324135,-1.2252287991577882,22.9
0.3587611068869116,-0.9853975816193,-0.5614180187210228,0.6477891461097115,-1.1980503114314798,0.2458739908324659,40.9
-0.2329804491320468,1.0974382631312918,-0.48526000740566505,-0.3719245667778191,0.08228407675662132,0.27523080925802695,36.5
-0.5288510496193575,-0.4141556832699816,-0.2648099503589344,-0.7118291377403293,0.37755968235010345,1.0535126844050395,37.0
1.2463732633931806,1.3083583486756556,2.421404979194448,-1.0517337087028396,-1.096398053768272,-2.4177680009757827,24.7
-0.5288510496193575,0.1307212043862913,-0.49404394929423834,0.30788457514720124,-1.1924029637837308,0.42658151758495205,32.9
-1.1205926056383158,-1.5566394799686185,-0.7127298245669084,-1.3916382796653497,0.1669942914760089,-0.10836495150232876,55.2
-1.7123338066129372,1.1150149369266553,0.5169898325488255,-0.7118291377403293,-0.3541752200360312,-1.1175871315977064,25.9
0.3587611068869116,-0.38779067257693606,-0.6610066708624934,0.9876937170722216,-0.23961473917739537,0.6268602566208366,42.0
1.2463732633931806,0.1307212043862913,-0.41759020212503384,-0.03201999581530892,0.416284351936101,0.3006733852265375,47.0
-1.1205926056383158,-1.1084342981868456,0.6214160029583836,-0.7118291377403293,1.213367134248481,-1.0360404137482047,35.6
-0.8247216501066682,0.8249998193031554,2.640742932986062,-1.0517337087028396,-1.5094611960191036,-2.4458200719162786,17.4
-0.2329804491320468,-0.141717239441845,-0.6303115421565471,0.30788457514720124,1.0487872885080631,0.6601313175034481,51.7
1.2463732633931806,-1.0908576243914818,-0.6538435645334152,0.6477891461097115,0.5502071675878789,0.7697301062915914,63.2
-1.7123338066129372,1.334723359368701,-0.7905725941754064,2.0074074299597524,1.1270433916297367,0.44745747735434294,47.1
-1.4164632061256266,-0.141717239441845,2.3661258556980447,-1.3916382796653497,-2.10243269905539,-1.9532778961098487,12.9
-1.4164632061256266,-0.15929391323720873,-0.6303115421565471,0.30788457514720124,1.0487872885080631,0.6601313175034481,42.1
0.06289050639960088,-1.2402593516520728,-0.5632679543733048,2.0074074299597524,1.1447921985232352,0.27979742545714664,61.9
-0.8247216501066682,-0.07141054426039066,-0.09450861850500443,-0.03201999581530892,1.5885123708632802,0.04885712050970853,37.7
-0.8247216501066682,-0.045045533567345135,0.8662580010128031,-0.3719245667778191,-0.4840642159391303,-1.3583130426863803,27.7
1.2463732633931806,-0.8096308436656635,-0.7766838928855805,0.30788457514720124,-0.18475479059696942,0.476814295779904,56.8
0.6546317073742223,-0.11535222874879977,-0.6303115421565471,0.30788457514720124,1.0487872885080631,0.6601313175034481,41.2
1.2463732633931806,-0.5196157260421633,-0.43663041890845605,-0.03201999581530892,0.43726021462859993,0.9321711682466718,40.3
-0.5288510496193575,-0.3614256618838907,2.469857110313692,-1.3916382796653497,-2.4348194463355126,-1.9265305726562727,19.2
-0.2329804491320468,2.1959803753415197,-0.5077674256279504,0.6477891461097115,0.8261204383882189,0.3509061634214895,35.3
1.2463732633931806,-0.33506065119084516,2.3763044681999443,-1.3916382796653497,3.675610708760189,-0.991678999239292,27.3
0.3587611068869116,-1.3545077313219365,-0.7136019597539232,0.6477891461097115,-0.25978383791992926,0.4892093968921976,45.4
1.2463732633931806,-0.47567404155375426,0.21914701939995435,-1.0517337087028396,-1.370697796669255,0.9824039464406966,29.5
-1.1205926056383158,-1.5566394799686185,-0.627397814175916,0.6477891461097115,0.6784826355916213,0.7318924292098602,71.0
0.6546317073742223,0.1307212043862913,-0.5554350793172877,1.327598288034732,0.23960304694993342,0.7442875303230808,48.1
0.9505026629058699,0.35042962682833684,-0.4532318461653729,-0.03201999581530892,0.40095583689163766,0.3300302036520986,44.2
-0.2329804491320468,1.835658562536565,-0.22148139531061406,-0.03201999581530892,0.7543184468642594,0.09191378753355575,62.9
1.5422438638804914,0.03404949851179145,0.5547381979063881,-0.3719245667778191,-0.1387692454635794,-1.206962334359455,20.9
0.3587611068869116,-0.13292890254416334,0.8088861973059702,-0.3719245667778191,-0.6946296068132249,-1.2226193041867301,25.6
-0.2329804491320468,1.0183432310521554,0.32047224707161803,-0.7118291377403293,0.5155163177502735,-1.0503926360904141,27.0
-1.7123338066129372,-0.9326675602332091,0.8655860904221161,-0.3719245667778191,-0.4824506880397735,-1.3583130426863803,32.1
-1.1205926056383158,-0.6514407795073907,-0.6920904288463354,-1.0517337087028396,0.41467082403674416,-0.21992086151946086,45.3
0.06289050639960088,-1.4599677740941182,-0.7062606820922969,0.6477891461097115,-0.26785147741700016,0.4911665181211864,48.6
-0.5288510496193575,-0.8447841912563909,-0.7766838928855805,0.30788457514720124,-0.18475479059696942,0.476814295779904,52.5
0.9505026629058699,0.042837835409473085,-0.5015481672573134,1.327598288034732,0.03387823977390941,0.752768388979251,31.6
-0.2329804491320468,-1.0117625923123454,-0.7880707069294404,1.667502858997242,0.4275790472318856,0.6353411152770068,58.0
0.9505026629058699,-0.589922421223618,0.6721654812684543,-0.7118291377403293,-0.43404485105706153,-1.216747940501618,21.3
-1.1205926056383158,1.5017017604246552,-0.720504155347137,1.327598288034732,0.35819734755696137,0.6098985393084961,40.9
-1.7123338066129372,-1.424814426503391,-0.8412787433751306,0.9876937170722216,-0.10569192352561746,0.4996473767773566,49.7
-0.5288510496193575,1.1501682845173828,-0.5601291720425227,0.6477891461097115,-0.38402548617527943,0.40961980027261163,36.8
0.9505026629058699,-0.9941859185169818,-0.7880707069294404,1.667502858997242,0.4275790472318856,0.6353411152770068,62.2
0.06289050639960088,-0.396579009474618,-0.2648099503589344,-0.7118291377403293,0.37755968235010345,1.0535126844050395,37.8
-0.2329804491320468,1.826870225638883,-0.3322443886121077,-0.3719245667778191,0.4840525237116684,0.23217414223325267,34.2
-0.2329804491320468,1.6598918245829284,-0.4720559726950723,1.327598288034732,0.0903517162536922,0.755377883950309,38.1
-1.1205926056383158,-1.1523759826752547,-0.6538435645334152,0.6477891461097115,0.5502071675878789,0.7697301062915914,53.7
-1.7123338066129372,1.7038335090713377,-0.13108998543286204,-1.0517337087028396,0.23798951905028995,1.126578543597444,31.9
-1.4164632061256266,-1.5566394799686185,-0.5909305213247299,1.667502858997242,-0.04034404359908537,0.702535610784299,50.8
-0.8247216501066682,-0.7744774960749362,0.25586887672404673,-1.3916382796653497,1.347289949900259,-0.37714293353149814,48.0
0.3587611068869116,1.5895851294014736,-0.7243898928280859,0.9876937170722216,-0.14845041286029376,0.6085937918225036,48.5
-0.8247216501066682,0.3064879423399277,-0.4532318461653729,-0.03201999581530892,0.40095583689163766,0.3300302036520986,42.5
0.9505026629058699,-0.7041708008934817,-0.5254758791296184,0.30788457514720124,1.083478138345382,0.7442875303230808,49.3
0.9505026629058699,-0.4053673463722998,-0.4140152728724572,0.30788457514720124,1.4868601131997858,0.6881833884430166,45.9
0.9505026629058699,-0.6338641057120271,-0.6383651085069315,0.9876937170722216,0.5042216224544889,0.7860394498618626,51.6
1.2463732633931806,1.5456434449130645,-0.3707107542950907,1.327598288034732,0.8406421894830038,0.19955545509456443,42.3
-0.8247216501066682,-0.0011038490789360264,-0.5015481672573134,1.327598288034732,0.03387823977390941,0.752768388979251,26.5
0.6546317073742223,-0.22081227152098157,-0.49404394929423834,0.30788457514720124,-1.1924029637837308,0.42658151758495205,34.6
-0.8247216501066682,1.2907816748802916,-0.6495596783801336,1.327598288034732,0.9326132797497839,0.42397202261389405,40.2
-0.5288510496193575,1.1589566214150644,4.214233784248054,-1.0517337087028396,-2.0395051109778928,-3.557464929628695,12.2
0.6546317073742223,-1.1435876457775729,-0.552214985492355,1.667502858997242,0.9802123527825307,0.2948020215414253,44.8
0.9505026629058699,-0.396579009474618,0.4987736780105107,-0.7118291377403293,-0.39612694542074245,-1.086925565686153,30.8
0.9505026629058699,-0.5108273891444816,1.6559330202818257,-1.3916382796653497,2.591319960351398,-1.0177739489507989,46.6
-0.5288510496193575,-0.5371923998375271,-0.5499967286036432,0.30788457514720124,0.8341880778852898,0.5929368219961558,39.4
1.2463732633931806,0.7634814610193824,-0.5936598903664286,0.6477891461097115,0.8527436487287535,0.5244375790028709,38.1
-1.1205926056383158,0.06041450920483667,1.2621727887844492,-0.3719245667778191,-0.613146447892551,-1.6368766308577123,25.7
0.9505026629058699,1.325935022471019,-0.6978629896330101,1.327598288034732,1.075410498848311,0.38287247681810854,48.2
0.9505026629058699,1.387453380754792,0.7098178593987758,-0.7118291377403293,1.4287731088209328,-0.9734125344409591,23.5
1.5422438638804914,1.1677449583127464,0.0575338801922176,-1.3916382796653497,-1.624021676878026,-0.1572929822112882,19.0
-1.7123338066129372,0.8074231455077915,2.6697017241466763,-1.3916382796653497,-1.617567565280312,-2.423639364660895,15.5
0.3587611068869116,-1.5566394799686185,-0.627397814175916,0.6477891461097115,0.6784826355916213,0.7318924292098602,70.1
1.2463732633931806,1.1062266000289736,2.718162581377487,-1.0517337087028396,-1.5957849386381346,-2.4751768903418396,22.6
0.06289050639960088,-0.34384898808852693,2.3783646238127125,-1.3916382796653497,-2.2169931799140254,-1.927835320141338,15.6
-1.4164632061256266,-0.5459807367352089,0.21914701939995435,-1.0517337087028396,-1.370697796669255,0.9824039464406966,26.2
1.2463732633931806,-0.29111896670243603,-0.7249854896067022,-1.0517337087028396,0.3759461544507466,-0.23296833637475073,50.2
-1.4164632061256266,-0.31748397739548156,1.2149756311651672,-1.3916382796653497,-1.1359294873039478,1.8513657718363774,21.8
-0.5288510496193575,0.0252611616141095,0.2625380058101248,-1.0517337087028396,-1.3884466035627538,1.0117607648662577,26.5
0.9505026629058699,-1.2138943409590273,0.8436486459417538,-0.3719245667778191,-0.48729127173784403,-1.338741830402982,31.7
0.9505026629058699,-0.26475395600939067,0.5023918411794892,-0.7118291377403293,-0.36789020718113763,-1.100625414284439,23.0
-1.4164632061256266,-0.20323559772561783,-0.6969138266793414,0.9876937170722216,1.2230483016451954,0.5916320745101633,55.1
0.9505026629058699,1.2116866428011555,3.5127773730765086,-1.0517337087028396,-1.4586350671876431,-3.182350027525436,17.4
-1.4164632061256266,1.7741402042527918,-0.47225159625075536,-1.0517337087028396,0.35981087545660484,0.07495207022121537,34.2
-0.8247216501066682,-0.26475395600939067,0.21914701939995435,-1.0517337087028396,-1.370697796669255,0.9824039464406966,24.6
0.06289050639960088,-1.3896610789126638,-0.5646167732367589,0.9876937170722216,0.31463209427289324,0.4500669723254009,40.5
-1.7123338066129372,-0.19444726082793604,-0.21256354727362525,-0.03201999581530892,0.793043116450257,0.08343292887738556,37.4
0.9505026629058699,1.6159501400945193,-0.44774788168671725,0.30788457514720124,-0.4824506880397735,0.27523080925802695,34.7
-0.2329804491320468,-0.3262723142931634,-0.5116947311312746,-1.0517337087028396,0.4759848842145975,-0.3954093983298311,42.6
1.2463732633931806,1.8092935518435191,-0.5110131424895763,-1.3916382796653497,0.2081392529110417,0.05668560542288246,38.4
1.2463732633931806,-0.38779067257693606,-0.4140152728724572,0.30788457514720124,1.4868601131997858,0.6881833884430166,54.8
-0.5288510496193575,-0.07141054426039066,-0.09240610158699068,-0.03201999581530892,1.5885123708632802,0.04689999928164682,40.3
-0.2329804491320468,-0.18565892393025424,0.5335028087657641,-0.7118291377403293,1.1431786706238785,-0.9942884942103499,27.3
-1.1205926056383158,-1.038127603005391,-0.7880707069294404,1.667502858997242,0.4275790472318856,0.6353411152770068,52.7
-0.8247216501066682,-1.2490476885497546,-0.815027894685903,0.9876937170722216,-0.9350452638265677,0.24456924334647334,53.5
-1.4164632061256266,-1.5566394799686185,-0.6945153359226199,0.6477891461097115,-1.0366975214897756,0.33133495113716405,44.0
-0.8247216501066682,-1.3720844051173002,-0.5018639731677653,0.30788457514720124,0.5324583606940937,0.8858526325087703,45.5
-0.8247216501066682,1.2556283272895645,-0.7924950358819844,2.0074074299597524,1.12542986373038,0.44876222483940836,37.9
-0.8247216501066682,0.9040948513822916,-0.5642315550752032,0.6477891461097115,0.7543184468642594,0.5107377304045848,40.8
-0.8247216501066682,0.10435619369324577,-0.05921911273055204,-1.3916382796653497,-0.44049896265477556,1.0535126844050395,20.8
0.6546317073742223,1.7214101828667008,-0.393466708040472,1.327598288034732,0.14037108113576097,0.8467102079410465,37.4
0.9505026629058699,-1.2490476885497546,-0.2590449257595224,-0.3719245667778191,0.5122892619515598,1.0665601592612564,36.7
0.9505026629058699,0.22739291026079148,-0.6316778132431359,0.6477891461097115,0.9188982926046774,0.5818464683689276,46.7
1.2463732633931806,-0.396579009474618,0.06421808165282115,-0.03201999581530892,1.8176333325805518,0.04559525179565429,34.3
1.5422438638804914,-0.09777555495343587,-0.6030492657412031,0.6477891461097115,0.7567387387132948,0.6157699029936083,51.0
-0.2329804491320468,0.253757920953837,-0.27445174834286673,-0.7118291377403293,0.9592364900903184,0.9152094509334043,46.4
1.5422438638804914,-1.3193543837312094,-0.43663041890845605,-0.03201999581530892,0.43726021462859993,0.9321711682466718,53.9
0.9505026629058699,0.20102789956774594,0.4301158389155924,-0.3719245667778191,-0.2267065159819673,-1.0882303131721454,29.4
-1.4164632061256266,1.0183432310521554,-0.43956485157198777,1.327598288034732,0.9673041295873893,0.2080363137507346,40.2
0.6546317073742223,0.5525613754750188,2.7319085869447,-1.3916382796653497,-1.7442295053844108,-2.4190727484617756,14.4
-1.4164632061256266,-0.4141556832699816,-0.4693492915434489,0.30788457514720124,-0.3130302586007117,0.26153096065881376,40.5
-1.7123338066129372,1.132591610722019,-0.7457234903879862,1.327598288034732,1.010062618921779,0.5257423264888634,53.3
0.3587611068869116,0.09556785679556414,-0.5496784635162952,0.9876937170722216,0.8228933825895053,0.42397202261389405,40.6
-0.2329804491320468,-0.589922421223618,0.4987736780105107,-0.7118291377403293,-0.39612694542074245,-1.086925565686153,28.8
1.5422438638804914,-1.0117625923123454,0.6789417035419502,-1.0517337087028396,-1.410229230204931,1.3379476362614837,31.3
0.06289050639960088,0.042837835409473085,0.8692034603082248,-0.3719245667778191,-0.48729127173784403,-1.3596177901723727,21.8
